<?xml version="1.0" encoding="UTF-8"?>
<project-private xmlns="http://www.netbeans.org/ns/project-private/1">
    <editor-bookmarks xmlns="http://www.netbeans.org/ns/editor-bookmarks/2" lastBookmarkId="0"/>
    <open-files xmlns="http://www.netbeans.org/ns/projectui-open-files/2">
        <group>
            <file>file:/C:/Users/amat9/OneDrive/Escritorio/tareas/JavaBackend-Intro/Guia_12_Ejercicio_Extra_3/src/Paquete/Ordenadores/Ordenador.java</file>
            <file>file:/C:/Users/amat9/OneDrive/Escritorio/tareas/JavaBackend-Intro/Guia_12_Ejercicio_Extra_3/src/Paquete/TiposAlojamiento/TiposHoteles/Hotel4.java</file>
            <file>file:/C:/Users/amat9/OneDrive/Escritorio/tareas/JavaBackend-Intro/Guia_12_Ejercicio_Extra_3/src/Paquete/Main/Main.java</file>
        </group>
    </open-files>
</project-private>
